article id,study id,author,title,analysis_year,primary_term,primary_domain,hierarchy_score,coupling_score,included_studies_numeric,data_sources_labels,model_families_labels,standards_labels,computing_labels,domains_labels,functions_labels,validation_methods_labels,maturity_labels,barriers_labels
5,1,"AboArab, M. A.; Potsika, V. T.; Pleouras, D. S.; Fotiadis, D. I.","Computational modeling of drug-eluting balloons in peripheral artery disease: Mechanisms, optimization, and translational insights",2025.0,Digital twin,Cardiovascular,3.0,2.0,78.0,Imaging; Simulation / literature,Mechanistic / physics-based; AI / machine learning; Hybrid,,Cloud,Cardiovascular; Pharmacology / drug development,Treatment / therapy planning; Prediction / prognosis / risk,Empirical / patient-data validation; Simulation / benchmark comparison,Prototype / proof of concept,Interoperability / standards; Computing / scalability / resources; Clinical adoption / workflow; Data quality / availability / integration; Validation / evidence / reproducibility
9,1,"Adibi, S.; Rajabifard, A.; Shojaei, D.; Wickramasinghe, N.",Enhancing Healthcare through Sensor-Enabled Digital Twins in Smart Environments: A Comprehensive Analysis,2024.0,Digital twin,Cardiovascular,4.0,3.0,,Imaging; Wearables / sensors / IoT; EHR / clinical records; Lifestyle / environment,Mechanistic / physics-based; AI / machine learning; Hybrid,HL7; DICOM,Cloud; Edge; Hybrid cloud-edge,Cardiovascular; Surgery / orthopedics / dentistry; General / multisystem; Pharmacology / drug development,Treatment / therapy planning; Prediction / prognosis / risk; Diagnosis / detection,Empirical / patient-data validation; Simulation / benchmark comparison; Conceptual / no model evaluation,Prototype / proof of concept,Interoperability / standards; Privacy / security / governance; Ethical / legal / regulatory; Computing / scalability / resources; Clinical adoption / workflow; Data quality / availability / integration
15,1,"Akbarialiabad, H.; Pasdar, A.; Murrell, D. F.","Digital twins in dermatology, current status, and the road ahead",2024.0,Digital twin,Dermatology / ophthalmology,4.0,3.0,0.0,Imaging; Wearables / sensors / IoT; EHR / clinical records; Omics / genomics; Lifestyle / environment,Mechanistic / physics-based; AI / machine learning; Hybrid,,Cloud; Edge; Hybrid cloud-edge,Dermatology / ophthalmology,Treatment / therapy planning; Prediction / prognosis / risk; Diagnosis / detection,,Theoretical / conceptual,Interoperability / standards; Privacy / security / governance; Ethical / legal / regulatory; Computing / scalability / resources; Clinical adoption / workflow; Data quality / availability / integration
51,1,"Banoub, R. G.; Sanghvi, H.; Gill, G. S.; Paredes, A. A.; Bains, H. K.; Patel, A.; Agarwal, A.; Gupta, S.",Enhancing Ophthalmic Care: The Transformative Potential of Digital Twins in Healthcare,2024.0,Digital twin,Dermatology / ophthalmology,4.0,3.0,,Imaging; Wearables / sensors / IoT; Omics / genomics; Lifestyle / environment,Mechanistic / physics-based; AI / machine learning; Hybrid,,Cloud,Dermatology / ophthalmology,Treatment / therapy planning; Prediction / prognosis / risk; Diagnosis / detection; Education / training,Empirical / patient-data validation,Prototype / proof of concept,Interoperability / standards; Privacy / security / governance; Ethical / legal / regulatory; Computing / scalability / resources; Clinical adoption / workflow; Data quality / availability / integration; Validation / evidence / reproducibility
55,1,"Bartusik-Aebisher, D.; Rog??, K.; Aebisher, D.",Artificial Intelligence and ECG: A New Frontier in Cardiac Diagnostics and Prevention,2025.0,Patient digital twin,Cardiovascular,4.0,3.0,152.0,Imaging; Wearables / sensors / IoT; EHR / clinical records; Omics / genomics; Laboratory / biomarkers; Lifestyle / environment,Mechanistic / physics-based; AI / machine learning; Hybrid,HL7; FHIR; DICOM; OMOP,Cloud; Edge; Hybrid cloud-edge; Federated / distributed,Cardiovascular; Neurology / neuroscience,Treatment / therapy planning; Prediction / prognosis / risk; Diagnosis / detection; Monitoring; Decision support,Empirical / patient-data validation; Sensitivity / uncertainty analysis,Prototype / proof of concept; Deployed / operational,Interoperability / standards; Privacy / security / governance; Ethical / legal / regulatory; Computing / scalability / resources; Clinical adoption / workflow; Validation / evidence / reproducibility
92,1,"Cappon, G.; Facchinetti, A.",Digital Twins in Type 1 Diabetes: A Systematic Review,2024.0,Digital twin,Diabetes / endocrine,4.0,3.0,8.0,Wearables / sensors / IoT; EHR / clinical records; Simulation / literature; Laboratory / biomarkers; Lifestyle / environment,Mechanistic / physics-based; AI / machine learning; Hybrid,,,Diabetes / endocrine,Treatment / therapy planning; Prediction / prognosis / risk,Empirical / patient-data validation; Simulation / benchmark comparison; Cross-validation / holdout; Conceptual / no model evaluation,Prototype / proof of concept,Interoperability / standards; Privacy / security / governance; Ethical / legal / regulatory; Computing / scalability / resources; Data quality / availability / integration; Validation / evidence / reproducibility
100,1,"Chaparro-C?rdenas, S. L.; Ramirez-Bautista, J. A.; Terven, J.; C?rdova-Esparza, D. M.; Romero-Gonzalez, J. A.; Ram?rez-Pedraza, A.; Chavez-Urbiola, E. A.",A Technological Review of Digital Twins and Artificial Intelligence for Personalized and Predictive Healthcare,2025.0,Digital twin,Cardiovascular,5.0,3.0,,Imaging; Wearables / sensors / IoT; EHR / clinical records; Omics / genomics; Lifestyle / environment,Mechanistic / physics-based; AI / machine learning; Hybrid; Simulation,,Cloud; Edge; Hybrid cloud-edge; Federated / distributed,Cardiovascular; Oncology; Surgery / orthopedics / dentistry; General / multisystem; Pharmacology / drug development; Neurology / neuroscience,Treatment / therapy planning; Prediction / prognosis / risk; Diagnosis / detection,Empirical / patient-data validation; Simulation / benchmark comparison; Sensitivity / uncertainty analysis,Prototype / proof of concept,Interoperability / standards; Privacy / security / governance; Ethical / legal / regulatory; Computing / scalability / resources; Clinical adoption / workflow; Data quality / availability / integration; Validation / evidence / reproducibility
113,1,"Chumnanvej, S.; Tripathi, S.",Assessing the benefits of digital twins in neurosurgery: a systematic review,2024.0,Digital twin,Surgery / orthopedics / dentistry,3.0,3.0,25.0,Imaging; Simulation / literature,Mechanistic / physics-based; AI / machine learning; Hybrid,,,Surgery / orthopedics / dentistry; Neurology / neuroscience,Treatment / therapy planning; Prediction / prognosis / risk; Education / training,Simulation / benchmark comparison; Sensitivity / uncertainty analysis,Deployed / operational,Interoperability / standards; Privacy / security / governance; Ethical / legal / regulatory; Computing / scalability / resources; Data quality / availability / integration
124,1,"Coorey, G.; Figtree, G. A.; Fletcher, D. F.; Snelson, V. J.; Vernon, S. T.; Winlaw, D.; Grieve, S. M.; McEwan, A.; Yang, J. Y. H.; Qian, P.; O'Brien, K.; Orchard, J.; Kim, J.; Patel, S.; Redfern, J.",The health digital twin to tackle cardiovascular disease-a review of an emerging interdisciplinary field,2022.0,Digital twin,Cardiovascular,5.0,3.0,88.0,Imaging; Wearables / sensors / IoT; EHR / clinical records; Simulation / literature; Omics / genomics,Mechanistic / physics-based; AI / machine learning; Hybrid; Statistical / probabilistic; Simulation,,Cloud; Edge; Hybrid cloud-edge,Cardiovascular,Treatment / therapy planning; Prediction / prognosis / risk; Diagnosis / detection,Empirical / patient-data validation; Sensitivity / uncertainty analysis,Prototype / proof of concept,Interoperability / standards; Privacy / security / governance; Ethical / legal / regulatory; Computing / scalability / resources; Clinical adoption / workflow; Data quality / availability / integration; Validation / evidence / reproducibility
132,1,"D'Orsi, L.; Capasso, B.; Lamacchia, G.; Pizzichini, P.; Ferranti, S.; Liverani, A.; Fontana, C.; Panunzi, S.; De Gaetano, A.; Lo Presti, E.",Recent Advances in Artificial Intelligence to Improve Immunotherapy and the Use of Digital Twins to Identify Prognosis of Patients with Solid Tumors,2024.0,Digital twin,Oncology,5.0,3.0,96.0,Imaging; Wearables / sensors / IoT; EHR / clinical records; Omics / genomics; Laboratory / biomarkers,Mechanistic / physics-based; AI / machine learning; Hybrid; Statistical / probabilistic,,Cloud,Oncology,Treatment / therapy planning; Prediction / prognosis / risk; Diagnosis / detection,Simulation / benchmark comparison; Sensitivity / uncertainty analysis,Prototype / proof of concept,Interoperability / standards; Privacy / security / governance; Ethical / legal / regulatory; Computing / scalability / resources; Clinical adoption / workflow; Data quality / availability / integration; Validation / evidence / reproducibility
147,1,"de Oliveira El-Warrak, L.; Miceli de Farias, C.",Could digital twins be the next revolution in healthcare?,2025.0,Digital twin,General / multisystem,,3.0,13.0,Imaging; Wearables / sensors / IoT; EHR / clinical records; Omics / genomics; Laboratory / biomarkers; Lifestyle / environment,,HL7; FHIR; DICOM; OMOP,Cloud; Hybrid cloud-edge,General / multisystem,Treatment / therapy planning; Personalized care; Drug development / trials,Empirical / patient-data validation,Theoretical / conceptual,Interoperability / standards; Privacy / security / governance; Ethical / legal / regulatory; Computing / scalability / resources; Data quality / availability / integration
169,1,"Drummond, D.; Gonsard, A.",Definitions and Characteristics of Patient Digital Twins Being Developed for Clinical Use: Scoping Review,2024.0,Patient digital twin,Cardiovascular,3.0,3.0,86.0,Imaging; Wearables / sensors / IoT; Laboratory / biomarkers,Mechanistic / physics-based; AI / machine learning,,,Cardiovascular; Oncology; Surgery / orthopedics / dentistry; Diabetes / endocrine,Treatment / therapy planning; Prediction / prognosis / risk; Diagnosis / detection,,Prototype / proof of concept,
183,1,"Espinoza-Vinces, C.; Mart?nez, M. C.; Atorrasagasti-Villar, A.; Rodr?guez, Mdmg; Ezpeleta, D.; Irimia, P.",Artificial intelligence in headache medicine: between automation and the doctor-patient relationship. A systematic review,2025.0,In silico patient / trial,Neurology / neuroscience,5.0,3.0,76.0,Imaging; Wearables / sensors / IoT; EHR / clinical records; Omics / genomics,Mechanistic / physics-based; AI / machine learning; Hybrid,HL7; FHIR; DICOM; OMOP,Cloud,Neurology / neuroscience,Treatment / therapy planning; Prediction / prognosis / risk; Diagnosis / detection,Cross-validation / holdout; Sensitivity / uncertainty analysis,Theoretical / conceptual; Prototype / proof of concept; Prospective / clinical study; Deployed / operational,Interoperability / standards; Privacy / security / governance; Ethical / legal / regulatory; Clinical adoption / workflow; Data quality / availability / integration; Validation / evidence / reproducibility
185,1,"Faiella, E.; Pileri, M.; Ragone, R.; Grasso, R. F.; Zobel, B. B.; Santucci, D.","Digital twins in radiology: A systematic review of applications, challenges, and future perspectives",2025.0,Digital twin,Cardiovascular,3.0,2.0,24.0,Imaging; Wearables / sensors / IoT; Omics / genomics,Mechanistic / physics-based; AI / machine learning; Hybrid,,,Cardiovascular; Oncology; Surgery / orthopedics / dentistry; Pharmacology / drug development,Treatment / therapy planning; Prediction / prognosis / risk; Diagnosis / detection; Education / training,Empirical / patient-data validation,Prototype / proof of concept; Deployed / operational,Interoperability / standards; Privacy / security / governance; Ethical / legal / regulatory; Computing / scalability / resources; Clinical adoption / workflow; Data quality / availability / integration; Validation / evidence / reproducibility
240,1,"Gu, D.; Cao, Y.; Zhou, X.; Zan, Y.; Zhang, X.; Xie, J.; Yu, M.",Digital Twins in the Field of Nursing: A Literature Review,2025.0,Digital twin,Oncology,5.0,3.0,11.0,Imaging; Wearables / sensors / IoT; EHR / clinical records; Omics / genomics; Lifestyle / environment,Mechanistic / physics-based; AI / machine learning; Hybrid,,Cloud; Edge; Hybrid cloud-edge,Oncology; General / multisystem; Diabetes / endocrine,Treatment / therapy planning; Prediction / prognosis / risk; Diagnosis / detection,Empirical / patient-data validation; Simulation / benchmark comparison; Conceptual / no model evaluation,,Interoperability / standards; Privacy / security / governance; Ethical / legal / regulatory; Computing / scalability / resources; Data quality / availability / integration; Validation / evidence / reproducibility
284,1,"Huang, Y.; Dai, H.; Xu, J.; Wei, R.; Sun, L.; Guo, Y.; Guo, J.; Bian, J.",Evolution of digital twins in precision health applications: a scoping review study,2024.0,Digital twin,Cardiovascular,3.0,2.0,2.0,Imaging; Wearables / sensors / IoT; Simulation / literature; Laboratory / biomarkers,Mechanistic / physics-based; AI / machine learning; Statistical / probabilistic,,,Cardiovascular; Oncology; Surgery / orthopedics / dentistry; Diabetes / endocrine; Neurology / neuroscience; Pulmonary / respiratory,Treatment / therapy planning; Prediction / prognosis / risk; Diagnosis / detection,,Prototype / proof of concept,Ethical / legal / regulatory; Clinical adoption / workflow; Data quality / availability / integration
313,1,"John, A.; Alhajj, R.; Rokne, J.",A systematic review of AI as a digital twin for prostate cancer care,2025.0,Digital twin,Oncology,5.0,3.0,52.0,Imaging; Wearables / sensors / IoT; EHR / clinical records; Simulation / literature; Omics / genomics,Mechanistic / physics-based; AI / machine learning; Hybrid,HL7; FHIR; DICOM; OMOP,Cloud; Hybrid cloud-edge,Oncology; Neurology / neuroscience; Pulmonary / respiratory,Treatment / therapy planning; Prediction / prognosis / risk; Diagnosis / detection,Empirical / patient-data validation; Simulation / benchmark comparison; Cross-validation / holdout; Sensitivity / uncertainty analysis; Expert evaluation,Theoretical / conceptual; Prototype / proof of concept,Interoperability / standards; Privacy / security / governance; Ethical / legal / regulatory; Computing / scalability / resources; Clinical adoption / workflow; Data quality / availability / integration; Validation / evidence / reproducibility
339,1,"Khan, A.; Milne-Ives, M.; Meinert, E.; Iyawa, G. E.; Jones, R. B.; Josephraj, A. N.",A Scoping Review of Digital Twins in the Context of the Covid-19 Pandemic,2022.0,Digital twin,General / multisystem,5.0,2.0,18.0,,,,Cloud,General / multisystem; Pulmonary / respiratory,,,Theoretical / conceptual,Interoperability / standards; Privacy / security / governance; Computing / scalability / resources; Clinical adoption / workflow; Data quality / availability / integration
473,1,"Naik, A.; Nalepa, J.; Wijata, A. M.; Mahon, J.; Mistry, D.; Knowles, A. T.; Dawson, E. A.; Lip, G. Y. H.; Olier, I.; Ortega-Martorell, S.",Artificial intelligence and digital twins for the personalised prediction of hypertension risk,2025.0,Digital twin,Cardiovascular,,2.0,11.0,Omics / genomics; Laboratory / biomarkers; Lifestyle / environment,AI / machine learning,,,Cardiovascular,Prediction / prognosis / risk; Diagnosis / detection,Cross-validation / holdout,Prototype / proof of concept,Interoperability / standards; Privacy / security / governance; Ethical / legal / regulatory; Computing / scalability / resources; Clinical adoption / workflow; Data quality / availability / integration; Validation / evidence / reproducibility
542,1,"Pinton, P.",Computational models in inflammatory bowel disease,2022.0,Virtual patient,Other / mixed,3.0,2.0,5.0,,Hybrid,,,,Treatment / therapy planning; Prediction / prognosis / risk,,Theoretical / conceptual; Prototype / proof of concept,Interoperability / standards; Computing / scalability / resources
550,1,"Prad?es, G.; Garc?a-Naranjo, A. M.; Mart?nez-Rus, F.; Mart?nez de Fuentes, R.; Romeo-Rubio, M.","EPA Consensus Project Paper: Shifting from the ""Analogic Virtual Patient"" to the ""Digital Virtual Patient"" in Prosthodontics. A Scoping Review",2023.0,Virtual patient,Surgery / orthopedics / dentistry,,3.0,39.0,,Mechanistic / physics-based; AI / machine learning; Hybrid; Simulation,HL7; FHIR; DICOM; OMOP,,Surgery / orthopedics / dentistry,Treatment / therapy planning; Diagnosis / detection,Empirical / patient-data validation; Simulation / benchmark comparison; Cross-validation / holdout; Sensitivity / uncertainty analysis; Expert evaluation,Theoretical / conceptual; Prototype / proof of concept; Deployed / operational,Interoperability / standards; Computing / scalability / resources; Clinical adoption / workflow; Data quality / availability / integration; Validation / evidence / reproducibility
574,1,"Riahi, V.; Diouf, I.; Khanna, S.; Boyle, J.; Hassanzadeh, H.",Digital Twins for Clinical and Operational Decision-Making: Scoping Review,2025.0,Digital twin,Cardiovascular,4.0,3.0,86.0,Imaging; EHR / clinical records,Mechanistic / physics-based; AI / machine learning; Statistical / probabilistic; Simulation,,Cloud,Cardiovascular; Oncology; Surgery / orthopedics / dentistry; Diabetes / endocrine,Treatment / therapy planning; Diagnosis / detection; Drug development / trials,,Prototype / proof of concept,Interoperability / standards; Privacy / security / governance; Computing / scalability / resources; Clinical adoption / workflow; Validation / evidence / reproducibility
578,1,"Ringeval, M.; Etindele Sosso, F. A.; Cousineau, M.; Par?, G.",Advancing Health Care With Digital Twins: Meta-Review of Applications and Implementation Challenges,2025.0,Digital twin,Cardiovascular,4.0,2.0,25.0,Imaging; Wearables / sensors / IoT; Omics / genomics; Laboratory / biomarkers; Lifestyle / environment,,,,Cardiovascular; Oncology; General / multisystem; Pharmacology / drug development; Diabetes / endocrine,Treatment / therapy planning; Prediction / prognosis / risk; Diagnosis / detection; Drug development / trials,,Theoretical / conceptual; Prototype / proof of concept; Deployed / operational,Interoperability / standards; Privacy / security / governance; Ethical / legal / regulatory; Computing / scalability / resources; Clinical adoption / workflow; Data quality / availability / integration
585,1,"Rodero, C.; Baptiste, T. M. G.; Barrows, R. K.; Keramati, H.; Sillett, C. P.; Strocchi, M.; Lamata, P.; Niederer, S. A.",A systematic review of cardiac in-silico clinical trials,2023.0,In silico patient / trial,Cardiovascular,3.0,2.0,36.0,Imaging; EHR / clinical records; Simulation / literature,Mechanistic / physics-based; AI / machine learning; Hybrid; Simulation,,,Cardiovascular,Treatment / therapy planning; Prediction / prognosis / risk; Diagnosis / detection,Empirical / patient-data validation; Sensitivity / uncertainty analysis,Deployed / operational,Privacy / security / governance; Ethical / legal / regulatory; Computing / scalability / resources; Validation / evidence / reproducibility
627,1,"Seth, I.; Lim, B.; Lu, P. Y. J.; Xie, Y.; Cuomo, R.; Ng, S. K.; Rozen, W. M.; Sofiadellis, F.",Digital Twins Use in Plastic Surgery: A Systematic Review,2024.0,Digital twin,Surgery / orthopedics / dentistry,4.0,3.0,9.0,Imaging,Mechanistic / physics-based; AI / machine learning; Hybrid,,,Surgery / orthopedics / dentistry,Treatment / therapy planning; Prediction / prognosis / risk; Education / training,Empirical / patient-data validation,Deployed / operational,Privacy / security / governance; Ethical / legal / regulatory; Computing / scalability / resources; Clinical adoption / workflow; Data quality / availability / integration; Validation / evidence / reproducibility
638,1,"Shen, M. D.; Chen, S. B.; Ding, X. D.",The effectiveness of digital twins in promoting precision health across the entire population: a systematic review,2024.0,Digital twin,Cardiovascular,5.0,3.0,,Imaging; Simulation / literature; Laboratory / biomarkers; Lifestyle / environment,Mechanistic / physics-based; AI / machine learning; Hybrid; Simulation,HL7; FHIR; DICOM; OMOP,High-performance computing,Cardiovascular; Oncology; Surgery / orthopedics / dentistry; General / multisystem; Diabetes / endocrine,Treatment / therapy planning; Prediction / prognosis / risk; Personalized care,Empirical / patient-data validation,Prototype / proof of concept,Interoperability / standards; Privacy / security / governance; Ethical / legal / regulatory; Computing / scalability / resources; Clinical adoption / workflow; Data quality / availability / integration
639,1,"Shen, S.; Qi, W.; Liu, X.; Zeng, J.; Li, S.; Zhu, X.; Dong, C.; Wang, B.; Shi, Y.; Yao, J.; Jing, L.; Cao, S.; Liang, G.",From virtual to reality: innovative practices of digital twins in tumor therapy,2025.0,Digital twin,Oncology,3.0,2.0,68.0,Imaging; Simulation / literature; Omics / genomics,Mechanistic / physics-based; AI / machine learning; Hybrid,,Cloud,Oncology; Neurology / neuroscience; Pulmonary / respiratory,Treatment / therapy planning; Prediction / prognosis / risk; Diagnosis / detection; Personalized care; Drug development / trials,Simulation / benchmark comparison,Prototype / proof of concept,Interoperability / standards; Privacy / security / governance; Ethical / legal / regulatory; Computing / scalability / resources; Clinical adoption / workflow; Data quality / availability / integration; Validation / evidence / reproducibility
665,1,"?tef?nig?, S. A.; Cordo?, A. A.; Ivascu, T.; Feier, C. V. I.; Muntean, C.; Stupinean, C. V.; C?linici, T.; Alua?, M.; Bolboac?, S. D.",Advancing Precision Oncology with Digital and Virtual Twins: A Scoping Review,2024.0,Digital twin,Oncology,3.0,3.0,30.0,Imaging,Mechanistic / physics-based; AI / machine learning; Hybrid,,Cloud; Edge; Hybrid cloud-edge; High-performance computing,Oncology; Neurology / neuroscience; Pulmonary / respiratory,Treatment / therapy planning; Diagnosis / detection; Monitoring,,Prototype / proof of concept,Interoperability / standards; Privacy / security / governance; Ethical / legal / regulatory; Computing / scalability / resources; Clinical adoption / workflow; Data quality / availability / integration; Validation / evidence / reproducibility
675,1,"Sun, T.; He, X.; Li, Z.",Digital twin in healthcare: Recent updates and challenges,2023.0,Digital twin,Cardiovascular,3.0,2.0,22.0,Imaging; Omics / genomics; Laboratory / biomarkers,Mechanistic / physics-based; AI / machine learning; Hybrid; Statistical / probabilistic,,Cloud,Cardiovascular; Surgery / orthopedics / dentistry; Pharmacology / drug development; Diabetes / endocrine,Treatment / therapy planning; Prediction / prognosis / risk; Diagnosis / detection; Education / training,Simulation / benchmark comparison,Prototype / proof of concept; Deployed / operational,Interoperability / standards; Privacy / security / governance; Ethical / legal / regulatory; Computing / scalability / resources; Data quality / availability / integration; Validation / evidence / reproducibility
687,1,"Tasmurzayev, N.; Amangeldy, B.; Imanbek, B.; Baigarayeva, Z.; Imankulov, T.; Dikhanbayeva, G.; Amangeldi, I.; Sharipova, S.","Digital Cardiovascular Twins, AI Agents, and Sensor Data: A Narrative Review from System Architecture to Proactive Heart Health",2025.0,Patient digital twin,Cardiovascular,5.0,3.0,183.0,Imaging; Wearables / sensors / IoT; EHR / clinical records; Omics / genomics; Laboratory / biomarkers; Lifestyle / environment,Mechanistic / physics-based; AI / machine learning; Hybrid; Statistical / probabilistic; Simulation,HL7; FHIR; DICOM; OMOP,Cloud; Edge; Hybrid cloud-edge,Cardiovascular,Treatment / therapy planning; Prediction / prognosis / risk; Diagnosis / detection; Personalized care; Monitoring,Empirical / patient-data validation; Sensitivity / uncertainty analysis,Theoretical / conceptual; Prototype / proof of concept,Interoperability / standards; Privacy / security / governance; Ethical / legal / regulatory; Computing / scalability / resources; Clinical adoption / workflow; Data quality / availability / integration; Validation / evidence / reproducibility
714,1,"Tudor, B. H.; Shargo, R.; Gray, G. M.; Fierstein, J. L.; Kuo, F. H.; Burton, R.; Johnson, J. T.; Scully, B. B.; Asante-Korang, A.; Rehman, M. A.; Ahumada, L. M.",A scoping review of human digital twins in healthcare applications and usage patterns,2025.0,Human digital twin,Oncology,4.0,2.0,149.0,Imaging; Wearables / sensors / IoT; EHR / clinical records,,,,Oncology; Surgery / orthopedics / dentistry; Diabetes / endocrine; Neurology / neuroscience; Pulmonary / respiratory,Treatment / therapy planning; Prediction / prognosis / risk; Diagnosis / detection,Sensitivity / uncertainty analysis,Prototype / proof of concept; Deployed / operational,Interoperability / standards; Ethical / legal / regulatory; Computing / scalability / resources; Clinical adoption / workflow
723,1,"Varrassi, G.; Leoni, M. L. G.; Al-Alwany, A. A.; Sarzi Puttini, P.; Far?, G.",Bioengineering Support in the Assessment and Rehabilitation of Low Back Pain,2025.0,Digital twin,Surgery / orthopedics / dentistry,4.0,2.0,43.0,Imaging; Wearables / sensors / IoT; Omics / genomics,AI / machine learning,,,Surgery / orthopedics / dentistry,Treatment / therapy planning; Prediction / prognosis / risk; Diagnosis / detection,Conceptual / no model evaluation,Theoretical / conceptual,Interoperability / standards; Privacy / security / governance; Ethical / legal / regulatory; Clinical adoption / workflow; Data quality / availability / integration; Validation / evidence / reproducibility
781,1,"Yuan, Y.; Liu, Q.; Yang, S.; He, W.",Four-Dimensional Superimposition Techniques to Compose Dental Dynamic Virtual Patients: A Systematic Review,2023.0,Virtual patient,Surgery / orthopedics / dentistry,3.0,2.0,27.0,,,DICOM,,Surgery / orthopedics / dentistry,Treatment / therapy planning,,,Ethical / legal / regulatory; Data quality / availability / integration
819,1,"Pascual, Heribert; Bruin, Xavi Masip; Alonso, Albert; Cerd?, Judit",A systematic review on human modeling: Digging into human digital twin implementations,2023.0,Human digital twin,Cardiovascular,4.0,2.0,9.0,Imaging; Wearables / sensors / IoT,,,,Cardiovascular; Dermatology / ophthalmology,Treatment / therapy planning; Prediction / prognosis / risk; Diagnosis / detection,Simulation / benchmark comparison,Prototype / proof of concept,Privacy / security / governance; Ethical / legal / regulatory; Computing / scalability / resources
827,1,"Wickramasinghe, Nilmini; Ulapane, Nalika",Exploring human-based digital twins in healthcare: a scoping review,2025.0,Digital twin,Cardiovascular,4.0,1.0,20.0,Imaging; Wearables / sensors / IoT; EHR / clinical records,,,,Cardiovascular; Oncology; Surgery / orthopedics / dentistry,Treatment / therapy planning; Prediction / prognosis / risk; Diagnosis / detection; Decision support,,Theoretical / conceptual; Prototype / proof of concept,Interoperability / standards; Privacy / security / governance; Computing / scalability / resources
836,1,"Mahmud, Shaiful; Rahman, Anisur; Ashrafuzzaman, Md",A systematic literature review on the role of digital health twins in preventive healthcare for personal and corporate wellbeing,2022.0,Digital twin,Cardiovascular,4.0,3.0,72.0,Imaging; Wearables / sensors / IoT; EHR / clinical records,Mechanistic / physics-based; AI / machine learning; Simulation,HL7; FHIR,Cloud,Cardiovascular; Oncology; Neurology / neuroscience,Treatment / therapy planning; Prediction / prognosis / risk; Diagnosis / detection; Decision support,,Prospective / clinical study,Privacy / security / governance; Ethical / legal / regulatory; Clinical adoption / workflow; Validation / evidence / reproducibility
837,1,"Pawar, Bhushan; Prakash, Vijay; Garg, Lalit; Galdies, Charles; Buttigieg, Sandra; Calleja, Neville",Artificial Intelligence and Digital Health Twin Applications in Healthcare-A Systematic Review,2024.0,Digital twin,Cardiovascular,5.0,3.0,37.0,Imaging; Wearables / sensors / IoT; EHR / clinical records; Omics / genomics; Laboratory / biomarkers; Lifestyle / environment,Mechanistic / physics-based; AI / machine learning; Hybrid; Simulation,HL7; FHIR; DICOM; OMOP,Cloud; Edge; Hybrid cloud-edge,Cardiovascular; Oncology; General / multisystem; Diabetes / endocrine; Neurology / neuroscience; Pulmonary / respiratory,Treatment / therapy planning; Prediction / prognosis / risk; Diagnosis / detection; Personalized care; Monitoring; Education / training,Empirical / patient-data validation; Simulation / benchmark comparison,Theoretical / conceptual; Prototype / proof of concept; Deployed / operational,Interoperability / standards; Privacy / security / governance; Ethical / legal / regulatory; Computing / scalability / resources; Clinical adoption / workflow; Data quality / availability / integration
846,1,"Park, Joonyoung; Park, Eunji; Lee, Duri; Kang, Soowon; Lee, Takyeon; Lee, S; Hong, Hwajung; Kim, Heepyung; Park, Y; Lee, Uichin",Human digital twins for pervasive healthcare: a scoping review,2023.0,Human digital twin,Cardiovascular,4.0,2.0,39.0,Imaging; Wearables / sensors / IoT,,,,Cardiovascular; Oncology; Surgery / orthopedics / dentistry,Treatment / therapy planning; Prediction / prognosis / risk; Diagnosis / detection,,Prototype / proof of concept,Privacy / security / governance; Ethical / legal / regulatory; Computing / scalability / resources
882,1,"Kim, Youngboo; Oh, Seungmin; Kim, Gayoung",Convergence of Integrated Sensing and Communication (ISAC) and Digital-Twin Technologies in Healthcare Systems: A Comprehensive Review,2025.0,Patient digital twin,Cardiovascular,5.0,3.0,218.0,Imaging; Wearables / sensors / IoT; EHR / clinical records,Mechanistic / physics-based; AI / machine learning; Hybrid,HL7; FHIR; DICOM,Cloud; Edge; Hybrid cloud-edge,Cardiovascular; Oncology; Surgery / orthopedics / dentistry; General / multisystem; Diabetes / endocrine; Neurology / neuroscience,Treatment / therapy planning; Prediction / prognosis / risk; Diagnosis / detection; Personalized care; Drug development / trials; Education / training,Empirical / patient-data validation; Simulation / benchmark comparison,Theoretical / conceptual; Prototype / proof of concept; Deployed / operational,Interoperability / standards; Privacy / security / governance; Ethical / legal / regulatory; Computing / scalability / resources; Clinical adoption / workflow; Data quality / availability / integration; Validation / evidence / reproducibility
1002,1,"Daraio, Cinzia; Di Leo, Simone; Orsini, Jacopo",An Integrated and Flexible Review Framework to Evaluate the Evolution and Barriers of Digital-Twin Technologies in Industrial and Healthcare Domains,2025.0,Digital twin,Cardiovascular,3.0,2.0,61.0,Imaging; Wearables / sensors / IoT; EHR / clinical records,Mechanistic / physics-based; AI / machine learning; Hybrid,,Cloud,Cardiovascular; Oncology; Neurology / neuroscience,Treatment / therapy planning; Prediction / prognosis / risk; Diagnosis / detection; Personalized care; Education / training,,Prototype / proof of concept,Interoperability / standards; Privacy / security / governance; Ethical / legal / regulatory; Computing / scalability / resources; Clinical adoption / workflow; Validation / evidence / reproducibility
1020,1,"Alshahrani, Modhi Ibrahim M; Daghriri, Fatma Mohamed Jabeer; Alzahrani, Rasha Gormallah B; Asiri, Salha Ali Abdo; Ruddah, Raed; Alsufyani, Omar; Aljanfawi, Saud Abdullah; Ibrahim, Alhassan; Asiri, Almasudi; mohd Ahmed, Medhbah","The Future of Digital Twins in Personalized Healthcare: A Systematic Review of Applications, Challenges, and Opportunities in Nursing and Radiology",2024.0,Digital twin,General / multisystem,,1.0,42.0,Imaging; Wearables / sensors / IoT; EHR / clinical records; Omics / genomics,AI / machine learning,,,General / multisystem,Prediction / prognosis / risk; Personalized care; Monitoring,,Theoretical / conceptual,Interoperability / standards; Privacy / security / governance; Clinical adoption / workflow; Data quality / availability / integration
1025,1,"Zou, Huina; Zheng, Xinglin; Wu, Linjing; Zhang, Shujie; Chang, Polun; Chen, Yuan",Digital twins in cardiovascular disease: a scoping review,2025.0,Digital twin,Cardiovascular,3.0,3.0,31.0,Imaging; Wearables / sensors / IoT; Simulation / literature; Omics / genomics,AI / machine learning; Statistical / probabilistic,,,Cardiovascular,Treatment / therapy planning; Prediction / prognosis / risk; Drug development / trials; Education / training,,Prototype / proof of concept,Interoperability / standards; Ethical / legal / regulatory; Computing / scalability / resources; Clinical adoption / workflow; Data quality / availability / integration; Validation / evidence / reproducibility
1027,1,"Ghosh, Tamal; Bhattacharjee, Debraj",A Review of Digital Twin-driven Healthcare: Zero-Error Paradigm and Enhanced Service Quality,2024.0,Digital twin,Other / mixed,4.0,3.0,138.0,Imaging; Wearables / sensors / IoT; EHR / clinical records,AI / machine learning,,Cloud,,Treatment / therapy planning; Prediction / prognosis / risk; Diagnosis / detection,,,Interoperability / standards; Privacy / security / governance; Ethical / legal / regulatory; Computing / scalability / resources; Data quality / availability / integration
1028,1,"Vall?e, Alexandre; Moawad, Gaby; Feki, Anis; Ayoubi, Jean-Marc","Digital twins in fertility, assisted reproductive technology and pregnancy: a systematic review",2025.0,Digital twin,Cardiovascular,4.0,3.0,8.0,Imaging; Wearables / sensors / IoT; EHR / clinical records; Omics / genomics; Laboratory / biomarkers,Mechanistic / physics-based; AI / machine learning; Hybrid,HL7; FHIR; DICOM; OMOP,Cloud,Cardiovascular; Pharmacology / drug development,Treatment / therapy planning; Prediction / prognosis / risk; Diagnosis / detection; Drug development / trials,Empirical / patient-data validation; Simulation / benchmark comparison; Cross-validation / holdout; Sensitivity / uncertainty analysis; Expert evaluation,Prototype / proof of concept; Retrospective validation; Prospective / clinical study; Deployed / operational,Interoperability / standards; Privacy / security / governance; Ethical / legal / regulatory; Computing / scalability / resources; Clinical adoption / workflow; Data quality / availability / integration; Validation / evidence / reproducibility
1090,1,"Chen, Bohua; Schneider, Lucia Chantal; R?ver, Christian; Comets, Emmanuelle; Elze, Markus Christian; Hooker, Andrew; IntHout, Joanna; Jannot, Anne-Sophie; Julkowska, Daria; Mimouni, Yanis",In silico clinical trials in drug development: a systematic review,2025.0,In silico patient / trial,Pharmacology / drug development,5.0,2.0,202.0,Simulation / literature,Mechanistic / physics-based; AI / machine learning; Hybrid,,,Pharmacology / drug development,Treatment / therapy planning; Prediction / prognosis / risk,Empirical / patient-data validation; Simulation / benchmark comparison; Cross-validation / holdout,Deployed / operational,Interoperability / standards; Ethical / legal / regulatory; Computing / scalability / resources; Validation / evidence / reproducibility
1338,1,"Xu, J; Wang, F",Cardiac Mechano-Electrical-Fluid Interaction: A Brief Review of Recent Advances,2025.0,Digital twin,Cardiovascular,3.0,2.0,14.0,Imaging; Simulation / literature,Mechanistic / physics-based; AI / machine learning; Hybrid,,High-performance computing,Cardiovascular,Treatment / therapy planning; Prediction / prognosis / risk,Empirical / patient-data validation; Simulation / benchmark comparison; Cross-validation / holdout,Deployed / operational,Interoperability / standards; Privacy / security / governance; Ethical / legal / regulatory; Computing / scalability / resources; Clinical adoption / workflow; Validation / evidence / reproducibility
1405,1,"Pellegrino, G; Gervasi, M; Angelelli, M; Corallo, A",A Conceptual Framework for Digital Twin in Healthcare: Evidence from a Systematic Meta-Review,2025.0,Digital twin,Other / mixed,5.0,2.0,20.0,Wearables / sensors / IoT,Mechanistic / physics-based; AI / machine learning; Hybrid,,,,Diagnosis / detection; Monitoring; Education / training,,Theoretical / conceptual; Prototype / proof of concept,Interoperability / standards
1416,1,"Oulefki, A; Amira, A; Foufou, S",Digital twins and AI transforming healthcare systems through innovation and data-driven decision making,2025.0,Digital twin,Cardiovascular,4.0,1.0,80.0,Imaging; Wearables / sensors / IoT; Laboratory / biomarkers,AI / machine learning,,Cloud,Cardiovascular; Oncology; Surgery / orthopedics / dentistry; Diabetes / endocrine,Treatment / therapy planning; Diagnosis / detection; Monitoring,,Prototype / proof of concept,Interoperability / standards; Privacy / security / governance; Ethical / legal / regulatory; Computing / scalability / resources; Data quality / availability / integration; Validation / evidence / reproducibility
1488,1,"Cellina, M; C?, M; Al?, M; Irmici, G; Ibba, S; Caloro, E; Fazzini, D; Oliva, G; Papa, S",Digital Twins: The New Frontier for Personalized Medicine?,2023.0,Digital twin,Cardiovascular,3.0,2.0,,Imaging; Wearables / sensors / IoT; EHR / clinical records; Lifestyle / environment,AI / machine learning; Statistical / probabilistic,,Cloud,Cardiovascular; Oncology; Pharmacology / drug development; Diabetes / endocrine; Neurology / neuroscience,Treatment / therapy planning; Prediction / prognosis / risk; Diagnosis / detection; Education / training,,Theoretical / conceptual; Prototype / proof of concept; Deployed / operational,Interoperability / standards; Privacy / security / governance; Ethical / legal / regulatory; Computing / scalability / resources; Clinical adoption / workflow; Validation / evidence / reproducibility
1491,1,"Garanin, AA; Aidumova, OY; Kontsevaya, AV",Clinical aspects of digital twins in medicine: a systematic review,2025.0,Digital twin,Cardiovascular,4.0,3.0,43.0,Imaging,,,,Cardiovascular; Oncology; Diabetes / endocrine; Neurology / neuroscience,Treatment / therapy planning; Prediction / prognosis / risk; Diagnosis / detection,,Prototype / proof of concept,Interoperability / standards; Privacy / security / governance; Ethical / legal / regulatory; Computing / scalability / resources
1548,1,"Sasitharasarma, S; Alani, NHS; Wisker, ZL",Is the Healthcare Industry Ready for Digital Twins? Examining the Opportunities and Challenges,2025.0,Digital twin,Cardiovascular,5.0,3.0,70.0,Imaging; Wearables / sensors / IoT; EHR / clinical records; Omics / genomics,Mechanistic / physics-based; AI / machine learning; Hybrid; Statistical / probabilistic; Simulation,,Cloud; Hybrid cloud-edge,Cardiovascular; Oncology; Surgery / orthopedics / dentistry; General / multisystem; Diabetes / endocrine; Neurology / neuroscience; Pulmonary / respiratory,Treatment / therapy planning; Prediction / prognosis / risk; Diagnosis / detection; Personalized care; Education / training,Empirical / patient-data validation; Simulation / benchmark comparison,Prototype / proof of concept; Deployed / operational,Interoperability / standards; Privacy / security / governance; Ethical / legal / regulatory; Computing / scalability / resources; Clinical adoption / workflow; Data quality / availability / integration; Validation / evidence / reproducibility
1582,1,"Rudnicka, Z; Proniewska, K; Perkins, M; Pregowska, A",Cardiac Healthcare Digital Twins Supported by Artificial Intelligence-Based Algorithms and Extended Reality-A Systematic Review,2024.0,Digital twin,Cardiovascular,5.0,3.0,253.0,Imaging; Wearables / sensors / IoT,Mechanistic / physics-based; AI / machine learning; Hybrid,HL7; FHIR; DICOM; OMOP,Cloud; High-performance computing,Cardiovascular; Surgery / orthopedics / dentistry,Treatment / therapy planning; Prediction / prognosis / risk; Diagnosis / detection; Education / training; Decision support,Empirical / patient-data validation,Prototype / proof of concept,Interoperability / standards; Privacy / security / governance; Ethical / legal / regulatory; Computing / scalability / resources; Clinical adoption / workflow; Data quality / availability / integration; Validation / evidence / reproducibility
1587,1,"Bjelland, O; Rasheed, B; Schaathun, HG; Pedersen, MD; Steinert, M; Hellevik, AI; Bye, RT",Toward a Digital Twin for Arthroscopic Knee Surgery: A Systematic Review,2022.0,Digital twin,Surgery / orthopedics / dentistry,2.0,1.0,80.0,EHR / clinical records,,DICOM,,Surgery / orthopedics / dentistry,Treatment / therapy planning,,Theoretical / conceptual,Privacy / security / governance; Computing / scalability / resources
1605,1,"Lauer-Schmaltz, MW; Cash, P; Rivera, DGT",ETHICA: Designing Human Digital Twins-A Systematic Review and Proposed Methodology,2024.0,Human digital twin,Oncology,,3.0,44.0,Wearables / sensors / IoT; Lifestyle / environment,Mechanistic / physics-based; AI / machine learning,,Cloud; Edge; Hybrid cloud-edge,Oncology; Surgery / orthopedics / dentistry; General / multisystem; Diabetes / endocrine; Neurology / neuroscience; Pulmonary / respiratory,Monitoring; Decision support,,Theoretical / conceptual; Prototype / proof of concept,Interoperability / standards; Privacy / security / governance; Ethical / legal / regulatory; Computing / scalability / resources; Clinical adoption / workflow; Data quality / availability / integration
1701,1,"Maizi, Y; Arcand, A; Bendavid, Y","Digital twin in healthcare: Classification and typology of models based on hierarchy, application, and maturity",2024.0,Digital twin,Other / mixed,,2.0,140.0,Wearables / sensors / IoT,AI / machine learning; Simulation,,Edge,,Treatment / therapy planning; Prediction / prognosis / risk; Diagnosis / detection; Education / training,,Theoretical / conceptual; Prototype / proof of concept,Privacy / security / governance; Ethical / legal / regulatory; Computing / scalability / resources
1722,1,"Salvi, S; Vu, G; Gurupur, V; King, C","Digital Convergence in Dental Informatics: A Structured Narrative Review of Artificial Intelligence, Internet of Things, Digital Twins, and Large Language Models with Security, Privacy, and Ethical Perspectives",2025.0,Digital twin,Surgery / orthopedics / dentistry,3.0,1.0,18.0,Wearables / sensors / IoT,AI / machine learning; Simulation,,,Surgery / orthopedics / dentistry,Treatment / therapy planning; Prediction / prognosis / risk; Diagnosis / detection; Education / training,,Theoretical / conceptual,Privacy / security / governance; Ethical / legal / regulatory; Clinical adoption / workflow; Validation / evidence / reproducibility
2342,1,"Karaduman, GS; Basak, T",Virtual Patient Simulations in Nursing Education: A Descriptive Systematic Review,2024.0,Virtual patient,General / multisystem,5.0,3.0,10.0,Imaging; Wearables / sensors / IoT; EHR / clinical records; Simulation / literature; Omics / genomics,Mechanistic / physics-based; AI / machine learning; Hybrid; Simulation,HL7; FHIR; DICOM; OMOP,Cloud; Hybrid cloud-edge,General / multisystem,Treatment / therapy planning; Diagnosis / detection; Education / training,Conceptual / no model evaluation,Prototype / proof of concept; Deployed / operational,Interoperability / standards; Privacy / security / governance; Ethical / legal / regulatory; Computing / scalability / resources; Data quality / availability / integration; Validation / evidence / reproducibility
2417,1,"Prad?es, G; Garc?a-Naranjo, AM; Mart?nez-Rus, F; de Fuentes, RM; Romeo-Rubio, M","Shifting from the ""Analogic Virtual Patient"" to the ""Digital Virtual Patient"" in Prosthodontics. A Scoping Review",2023.0,Virtual patient,Other / mixed,,,,,,,,,,,,
2720,1,A. Pisirgen; O. A. Hiziroglu,Applications of Digital Twin in Precision Medicine: A Systematic Review,2025.0,Digital twin,Cardiovascular,5.0,2.0,94.0,Imaging; Wearables / sensors / IoT; EHR / clinical records; Omics / genomics,AI / machine learning,,,Cardiovascular; Oncology; Diabetes / endocrine; Neurology / neuroscience,Treatment / therapy planning; Prediction / prognosis / risk; Diagnosis / detection,Empirical / patient-data validation; Sensitivity / uncertainty analysis,Deployed / operational,Interoperability / standards; Privacy / security / governance; Ethical / legal / regulatory; Computing / scalability / resources; Clinical adoption / workflow
2726,1,Y. Zhang; S. Yan; X. Chu; Z. Lin; G. Tan,Application progress of digital twin in medical field,2023.0,Digital twin,Cardiovascular,3.0,3.0,378.0,Imaging; Wearables / sensors / IoT; EHR / clinical records; Laboratory / biomarkers; Lifestyle / environment,AI / machine learning,,Cloud,Cardiovascular; Surgery / orthopedics / dentistry; Pharmacology / drug development,Treatment / therapy planning; Prediction / prognosis / risk; Diagnosis / detection; Education / training,,,Privacy / security / governance; Ethical / legal / regulatory; Computing / scalability / resources
2731,1,?. Bjelland; B. Rasheed; H. G. Schaathun; M. D. Pedersen; M. Steinert; A. I. Hellevik; R. T. Bye,Toward a Digital Twin for Arthroscopic Knee Surgery: A Systematic Review,2022.0,Digital twin,Other / mixed,,,,,,,,,,,,
2736,1,M. Narigina; A. Romanovs; R. Bruzgiene,Digital Twin Technology in Healthcare: A Literature Review,2024.0,Digital twin,General / multisystem,4.0,,18.0,Imaging; Wearables / sensors / IoT; Simulation / literature,AI / machine learning,,Cloud; Edge; Hybrid cloud-edge,General / multisystem,Treatment / therapy planning; Diagnosis / detection; Education / training,Empirical / patient-data validation,Prototype / proof of concept,Interoperability / standards; Privacy / security / governance; Ethical / legal / regulatory; Computing / scalability / resources; Clinical adoption / workflow; Data quality / availability / integration
2765,1,M. W. Lauer-Schmaltz; P. Cash; D. G. T. Rivera,ETHICA: Designing Human Digital Twins-A Systematic Review and Proposed Methodology,2024.0,Human digital twin,Other / mixed,,,,,,,,,,,,
2808,1,M. D. Xames; T. G. Topcu,"A Systematic Literature Review of Digital Twin Research for Healthcare Systems: Research Trends, Gaps, and Realization Challenges",2024.0,Digital twin,General / multisystem,5.0,3.0,135.0,Imaging; Wearables / sensors / IoT,Mechanistic / physics-based; AI / machine learning,,Cloud; Edge; Hybrid cloud-edge; Federated / distributed,General / multisystem,Treatment / therapy planning; Prediction / prognosis / risk; Diagnosis / detection; Education / training,Conceptual / no model evaluation,Theoretical / conceptual; Prototype / proof of concept,Interoperability / standards; Privacy / security / governance; Ethical / legal / regulatory; Clinical adoption / workflow; Data quality / availability / integration
